id,title,score,created_utc
qf6ne6,Entrega de paquete correouy/plaza/etc,1,1635127526.0
qf64vv,Based Rentistas (?),4,1635125718.0
qf64hq,Depilado en hombres,1,1635125681.0
qf4oam,Recomendaci√≥n de odont√≥logo?,0,1635120695.0
qf42rf,¬øLocales de piezas y repuestos de bicicletas en Montevideo?,2,1635118636.0
qf3mcs,Experiencias coliving?,8,1635117091.0
qf3hzm,Arroyo del Vizca√≠no: un yacimiento con m√°s de 2.000 restos f√≥siles de la megafauna local,8,1635116679.0
qf3elk,"""Me cago en Lodran, voy a praiseonar el sol en la Plaza Virgilio""",13,1635116398.0
qf3by9,Offtopic pero hecho en UY y meme que necesitaba compartir,0,1635116152.0
qf3bb0,qu√© onda con Tinder,9,1635116092.0
qf397q,¬øDonde est√° la comunidad balisong en Uruguay?,1,1635115898.0
qf3208,El perro nuevo del pepe,4,1635115274.0
qf2qtp,Manifiesto: la LUC no es Uruguay. ¬øPara ustedes es üëçoüëé?,0,1635114291.0
qf2mfp,Como esta el mercado laboral para ingenieros en el pais?,5,1635113894.0
qf1siv,Experiancias de rinoplastias,9,1635111315.0
qf0hy6,üç¶,0,1635107429.0
qf0ex1,Qu√© opinan de Montblanc?,1,1635107177.0
qezlbp,Vamo Carrasco,38,1635104749.0
qeyntm,Jajaja,143,1635102061.0
qeybwt,Chivito uruguayo lo mejor del mundo,86,1635101083.0
qey83c,¬°Hola a todos! Quiero realizar una encuesta en diferentes subreddits y ver c√≥mo difieren los resultados.¬øSe sienten seguros caminando solos de noche?,9,1635100774.0
qey2l1,Calidad servicio UTE,3,1635100330.0
qexnc3,Awanta boh,35,1635099094.0
qewp8n,"Invest now!! Meme template similar al de Drake, pero en el √°mbito campestre uruguayo",11,1635096317.0
qevqgx,Alg√∫n lugar donde hagan pins personalizados chicos?,2,1635093380.0
qets28,Encontraron un cad√°ver a orillas del r√≠o Uruguay y presumen que se trata del empresario Eugenio Schneider,15,1635087441.0
qes75l,Toma del Hospital Filtro: recuerdos de una noche violenta que trajo resabios de dictadura,17,1635082200.0
qeo2qa,"No se si conocen una golosina muy famosa llamada Gansito de Marinela. Me acuerdo que se pod√≠a encontrar en todos lados pero ahora es al rev√©s. Mi pregunta es: saben si sigue llegando al pa√≠s? En caso de que si, saben donde se puede comprar?",8,1635064127.0
qenkoj,Todo culpa de rivera que l√≠quido a los ind√≠genas üò•,66,1635061731.0
qemz0k,Domingo random.,2,1635058925.0
qelwq2,Luna llena en Punta Negra,31,1635054042.0
qelpgn,Este atardecer entre lluvias me gusta m√°s de lo que puedo explicarlo con palabras,17,1635053136.0
qekczx,Puchero Nuezini Arroyos,13,1635047577.0
qek43a,Marina norteamericana prepar√°ndose para venir al R√≠o negro,29,1635046577.0
qeixnc,‚ÄúOfertas‚Äù de Devoto,38,1635041998.0
qeinpw,Tier List de YouTubers Uruguayos,0,1635040926.0
qeikc0,Sobre trabajo informal,8,1635040586.0
qeif8a,Es mucha plata 10K USD en Uruguay?,0,1635040024.0
qei1hp,Villa Espa√±ola be like.,10,1635038578.0
qeh8wg,"Patada criminal sobre Facundo Torres, la sac√≥ barata",76,1635035658.0
qeh83i,Mi primer aporte,54,1635035569.0
qegzhl,"According to a recent poll, 63% disagree with raising the retirement age to 65, with the highest portion of this disagreement coming from the lower and middle classes:",1,1635034704.0
qef7s4,Alguien sabe que es eso? Se ve en el horizonte mirando hacia el puerto...,14,1635028640.0
qedc9g,"20 minutos de diferencia entre las fotos, Piri√°polis",75,1635022533.0
qedc3r,Me enter√© que si cobras $175k nominales te descuentan $70k del salario,62,1635022518.0
qedb77,OSE llama a cubrir 229 puestos zafrales. El salario es de 32.880 pesos,15,1635022440.0
qecfvn,Inspirado en otros memes,11,1635019654.0
qec60s,Cuando est√°s comiendo un Ricardito y te acord√°s cuando el Dr. Light se visti√≥ de Ryu.,17,1635018811.0
qeaqtl,*le mete una bombilla,22,1635014462.0
qea7b9,Rep√∫blica completa m√°s yapa,258,1635012824.0
qe9tr8,Los corrales de palmas de Rocha y el origen del manejo ganadero en Uruguay,4,1635011666.0
qe9l4p,Inaugur√≥ en Montevideo la primera cafeter√≠a uruguaya para sordos,12,1635010915.0
qe9gik,Cu√°l es el mejor refresco (estilo Coca) m√°s saludable?,2,1635010525.0
qe91e0,Es finter,12,1635009261.0
qe8zem,Evil Minas be like,54,1635009097.0
qe8i49,Que paso con el tipo que se inmolo? (gustavo cano),12,1635007653.0
qe7gtt,Consulta sobre VPNs,5,1635004510.0
qe76av,18 de Julio y Herrera y Obes - 1967,107,1635003612.0
qe5x4x,Vale m√°s el f√∫tbol que el trabajo?????,15,1634999381.0
qe5gzz,Defensa declar√≥ ‚Äúinformaci√≥n reservada por 15 a√±os‚Äù actas militares sobre Armando M√©ndez,11,1634997874.0
qe5d68,Volvi√≥ pap√°,54,1634997581.0
qe5865,El biscuit del mal,0,1634996657.0
qe4xm6,Evil oficialismo be like,76,1634995625.0
qe38vf,Donde encuentro el mejor struddel de manzana en Montevideo? (me encuentro por cord√≥n).,4,1634989058.0
qe1v0x,"Un gran error, y una disculpa gigante",3,1634982549.0
qdzuvg,S√°bado de arte.,7,1634972524.0
qdzi09,Que haces en reddit a esta hora?,0,1634970894.0
qdxl7r,data scientist,8,1634962508.0
qdwhu2,autoeliminaci√≤n?,32,1634958243.0
qdv0f9,"Gente, eh visto varios grafitis por Montevideo y hasta en punta del este mostrando estos hongos con alas y un ojo, que significan o qui√©n los hace?",7,1634952532.0
qdudh1,Fall√© √©picamente pasando mi n√∫mero a una chica y vengo a desahogarme,96,1634950165.0
qdt22z,Ayuda elegir qu√© celular comprar !!!!,1,1634945483.0
qdrh0m,"Alguno es actualmente, o tuvo padres sobreprotectores? ü•∂ü•∂",26,1634940374.0
qdr6xj,El d√≠a que Menem casi muere y la millonaria oferta para cambiar una respuesta de su √∫ltima entrevista,3,1634939523.0
qdpsin,Como la ven? Salida al caribe coso,47,1634935285.0
qdom9d,"RMA de Asus, Amd, Gigabyte desde Uruguay?",2,1634931732.0
qdo1vw,"Es coreano, super√≥ las crisis argentinas y hoy su termo ""inteligente"" busca conquistar Uruguay",11,1634930077.0
qdm0zn,Ellos antes.,131,1634924184.0
qdl6xk,[Nataci√≥n] El ol√≠mpico Enzo Mart√≠¬≠nez decidi√≥ retirarse del alto rendimiento,6,1634921794.0
qdktp7,[RANT] La atenci√≥n que se la de a Argentina da verg√ºenza ajena monumental,48,1634920716.0
qdka4c,[F√∫tbol] La selecci√≥n femenina le gan√≥ 3-0 a Boca Juniors,13,1634919181.0
qdjuju,Que es Flores?,6,1634917954.0
qdjrxw,"Pol√≠ticos argentinos, peores que los uruguayos?",0,1634917736.0
qdj9kz,Qu√© dijo Alfie sobre la posibilidad de bajar el IRPF en este per√≠odo de gobierno,6,1634916259.0
qdj5or,Disfraz para Halloween??,2,1634915943.0
qdiv8o,Visto en Twitter ( fuente en comentarios ),94,1634915118.0
qd4m8i,Precio de otoplostia en Uruguay,5,1634860399.0
qd39l9,Tiren preguntas para mi proyecto!!,2,1634855938.0
qd911z,Jodas en Montevideo,1,1634876009.0
qdhqay,Entro en el top y vos?,55,1634911722.0
qdhktd,Atardecer en parque minamar,20,1634911259.0
qdhf2x,"Orlando Petinatti revel√≥ a qui√©n vot√≥ y a√±adi√≥: ""Me da pena que me digan facho""",10,1634910782.0
qdh4tz,Vivienda sube la apuesta y pide m√°s de U$S 200 millones para el fideicomiso de erradicaci√≥n de asentamientos,3,1634909888.0
qdh44o,En cuanto me puedo recibir en la fing?,0,1634909826.0
qdg029,Extender se√±al wifi,2,1634906207.0
qdew1m,Ocho meses de formaci√≥n y sueldo de $40.000. Las oportunidades para ser programador,0,1634902136.0
qderf8,Procesaron con prisi√≥n al militar retirado Armando M√©ndez por el asesinato de Gerardo Alter,19,1634901620.0
qde7la,Danubio festej√≥ con lo justo,2,1634899424.0
qdbcge,Viernes de legislaci√≥n.,6,1634886124.0
qdabr8,"QUIERO RECARGAR $1500 EN LA CUENTA STEAM POR REDPAGOS, CUANTO ME COBRARA DE COMISION ?",0,1634881504.0
qd81to,NOOOO ESTA VEZ LE TOC√ì A AGUST√çN!,14,1634872307.0
qd5x6d,Argim√≥n dijo que hay ‚Äúmucho de medio verdades o de mentiras‚Äù en la campa√±a contra la LUC,4,1634864878.0
qd5suy,Campo but still Montevideo.,16,1634864481.0
qd5a1s,Alfabrou,2,1634862640.0
qd55ih,C√≥mo hacer el tr√°mite URSEC?,0,1634862205.0
qd4qne,Sue√±os franjeados.,99,1634860819.0
qd4qde,Importaci√≥n de producto de 500 dolares,2,1634860804.0
qd4p78,MSC cruises cancels 2021/22 season to Uruguay and Argentina,9,1634860690.0
qd4o4m,Recomiendan libros de psicolog√≠a,1,1634860579.0
qd48bm,Viajar de Uruguay a Brasil - Resoluci√≥n,6,1634859082.0
qd451q,Cual ha sido el mejor equipo que nos ha representado?,0,1634858797.0
qd41yy,Gente que mina cripto,2,1634858504.0
qd2ro4,Tienda de puzzles y acertijos,2,1634854379.0
qd2d0m,Que tan crypto friendly es el uruguayo?,8,1634853142.0
qd1f98,"Debido a un llamado de atenci√≥n de los mods, ahora deber√© ser una persona super pasiva y sin opini√≥n alguna. ¬øQue opinan de la malta? Wrong answers only",3,1634850324.0
qd15yx,aparato para testear drogas,3,1634849572.0
qd0mxa,Atardecer en Punta Negra,89,1634847997.0
qd0b9w,"Caso Lavalleja: presidenta de la Jutep dice que ""aparenta falta √©tica""; para su antecesor ""tiene pinta de acomodo""",3,1634847061.0
qd04mm,Tremendo encuentro de motos en Punta,2,1634846525.0
qd0039,Juro que te creo,27,1634846163.0
qczu4o,Alguien que sepa de conexiones y aparatos electr√≥nicos.. saben si hay alg√∫n transformador o algo que me permita conectar esto aqu√≠ en Uruguay? Gracias!,8,1634845670.0
qcyhzi,"La ""tragedia chilena"": editorial de El Pai¬≠s de Uruguay acusa a la extrema izquierda del estallido",10,1634841868.0
qcy9jb,Joven de 22 a√±os denunci√≥ que una mujer trans lo amenaz√≥ con un arma y abus√≥ sexualmente de √©l en el Parque Roosevelt,32,1634841181.0
qcxruy,"Gonz√°lez: recluso que intent√≥ a ahorcar a una m√©dica tiene ""un enorme trastorno mental y va a matar a todo aquel que est√© en su celda""",12,1634839781.0
qcxlpe,Compra internacional sale mal - Soy un pelotudo,14,1634839311.0
qcxf36,Mapa de las regiones vitivin√≠colas del Uruguay,16,1634838814.0
qcxasn,¬øC√≥mo es ser maestro en Uruguay?,6,1634838482.0
qcx106,Libros Uruguayos de Terror,10,1634837687.0
qcwgxo,"""Esto es el Uruguay de la mafia"": Casa de Galicia denunci√≥ ‚Äúatropello‚Äù de Salinas y lo acus√≥ de mentiroso",5,1634836103.0
qcw72f,Casi 1 de cada 10 trabajadores de la salud no se vacun√≥ contra el coronavirus,15,1634835343.0
qcw6hd,"¬øComprar T Shirts para el verano, donde?",0,1634835301.0
qcunmw,Necesito alguien que sepa de mec√°nica y no sea un chamuyero...,7,1634830979.0
qcukhm,Abri√≥ agenda para terceras dosis a personas con enfermedades cr√≥nicas o s√≠ndrome de Down,3,1634830739.0
qcuhrw,"ASSE ""no est√° preparada"" para cumplir con proyecto sobre adictos aprobado en Diputados",2,1634830516.0
qcu7eb,Vandalizareon el monumento a la Diligencia en el Prado; cortaron dos patas y una cola.,12,1634829688.0
qctxfk,No excuses. Hasta en Navidad podes meter gym para bajar el pan dulce. (Pocitos),99,1634828914.0
qctou9,Contrataci√≥n de custodios: Cosse ser√° llamada a la Junta y edil denunciar√° ante Jutep,6,1634828280.0
qctdkj,"Grieco: ‚ÄúUruguay tiene petr√≥leo en su cultura y en las artes, pero mira para otro lado‚Äù",10,1634827394.0
qcs827,Hoy no es martes de RANT pero ....,24,1634824124.0
qcrxkn,Gobierno extender√É¬° por dos meses jornales solidarios y crear√É¬° seguro parcial hasta marzo,4,1634823249.0
qcrtw5,‚ÄúNunca conoc√≠ a Kirma‚Äù; Reta firm√≥ registro de empresa de Estonia ante regulador estatal,3,1634822942.0
qcrnaa,¬øOpiniones?,5,1634822366.0
qcrd88,Campa√±a del MIDES: recomendaciones para el uso adecuado del lenguaje sobre discapacidad,74,1634821519.0
qcqqg5,Instituto de F√≠sica: un gran meteoro cruz√≥ la atm√≥sfera sobre Cerro Largo y cay√≥ en Brasil,11,1634819528.0
qcp4vz,Un uruguayo gan√≥ US$ 30 mil en un torneo de Call of Duty para celulares,48,1634813725.0
qco6ip,"""Lo cuidaron toda su vida, ahora le voy a cumplir a Tabar√©"", dijo Cosse sobre custodios de V√°zquez en la IM",6,1634809633.0
qclx9o,Jueves de academia.,7,1634799725.0
qcjp07,Calle R√≠o Branco y alrededores,2,1634791127.0
qcjn75,Cu√°nto gana un programad... No mentira... Cu√°nto ganan los de la tele.,19,1634790951.0
qcj852,Nueva versi√≥n del pabell√≥n patrio dark mode,58,1634789472.0
qch79i,El Refer√©ndum,1,1634782796.0
qcgzti,Me voy comprar un auto y no se cual me conviene m√°s,1,1634782149.0
qcgoiw,Compras en cuotas en Steam?,2,1634781151.0
qcfkma,Nunca inflaron las cubiertas con aire premium?,81,1634777565.0
qcfbat,Que consejo le dar√≠an a los redditors de uruguay?,4,1634776728.0
qcf6j6,"Alguien sabe que tipo de polilla es esta? Aparecio en mi casa, no la mate",11,1634776301.0
qcf4hd,Montevideo premiada l√≠der de turismo emergente en Am√©rica del Sur,4,1634776127.0
qcexqs,Lugares para conocer gente en Montevideo,9,1634775540.0
qceqrb,"Para el que se pregunta que nos falta y por qu√© Uruguay es tan baj√≥n, la clase media est√° muerta",91,1634774901.0
qcek9w,Mosquito Valentino.,86,1634774376.0
qce9dm,Educashi√≥n,142,1634773448.0
qcdo4t,Buscan restos del b√≥lido que ingres√≥ en frontera con Brasil y gener√≥ fuerte estruendo,9,1634771664.0
qcdcg8,Cu√°l es la mejor Entidad Financiera del Uruguay?,4,1634770702.0
qcd1ps,Clases/lecciones de Surf cerca de Montevideo?,3,1634769799.0
qcceat,Ustedes tratan de consumir productos Uruguayos ?,13,1634767923.0
qcc6qa,*Dance loquita in 90's vibes*,11,1634767326.0
qcbjxf,S√≠ndrome del montevideano,70,1634765570.0
qcank6,LUC: Comisi√≥n por el S√≠ inicia ‚Äúel segundo tiempo‚Äù y pide al gobierno ‚Äúno polarizar pol√≠ticamente‚Äù,3,1634763093.0
qca2a0,La mejor yerba,2,1634761443.0
qc9t0s,"Rambla de Piri√°polis, reci√©n",61,1634760758.0
qc7taa,Propaganda de FUCVAM a favor de la derogaci√≥n de 135 art√≠culos de la LUC,31,1634755355.0
qc6qcd,¬øQu√© beneficios de te dan en tu laburo?,22,1634752483.0
qc6ght,Gente que todo le resbala,8,1634751755.0
qc511e,Para comer para picar para comer para picar,202,1634747944.0
qc4o3h,Conductores de aplicaciones denunciar√°n penalmente a Dourado por difamaci√≥n e injurias,17,1634746958.0
qc3xz8,Mineria de crypto en Uruguay?,0,1634745016.0
qc3k1w,"Si quieren, tengo m√°s"": dirigente de Fenapes ten√≠a formularios ""en blanco"" para justificar faltas",23,1634743963.0
qc2nb8,Empleados p√∫blicos de m√°s (1834) + El orgullo de los orientales,16,1634741551.0
qc18vl,"Jutep, sobre intendente de Lavalleja: no hay ‚Äúreproche legal‚Äù pero incumpli√≥ norma del funcionario p√∫blico de ‚Äúser y parecer‚Äù",0,1634737567.0
qc0xpb,Denuncian que un sindicalista de Salto ten√≠a m√°s faltas que Marcel Slamovitz,11,1634736653.0
qc0ryl,"Gente, si est√°n mal busquen ayuda, siempre hay alguien <3.",42,1634736192.0
qc0ot9,Que har√≠an ustedes para reducir el tama√±o del estado y el gasto publico?,28,1634735943.0
qbz8gm,Duda sobre tatuajes,6,1634731347.0
qbuzz6,Mi√©rcoles de fun facts.,3,1634713325.0
qbsxb0,Qu√© silla de escritorio recomiendan?,10,1634704315.0
qbqx11,El sitio web de Miramar Misiones qued√≥ atrapado en 2015,20,1634696817.0
qbqtns,Deportes en Uruguay,8,1634696504.0
qbqakp,Squid Game hecho en la Isla de Flores,23,1634694709.0
qbq5lt,Uruguay inicia la tasaci√≥n de inmuebles para la modernizaci√≥n de su Fuerza A√©rea,6,1634694234.0
qbq5h1,El Ej√©rcito de Uruguay recibe dos blindados para su despliegue en Siria,3,1634694220.0
qbq3ew,Helicoptero,2,1634694017.0
qbphrp,Publicidades pelotudas en youtube,7,1634691932.0
qbphev,"voy a renunciar a los 8 dias, corresponde que me paguen el sueldo?",19,1634691900.0
qbogxz,Voy a esperar que no se haya posteado este meme 40 veces ya,122,1634688372.0
qbnw7e,Se puede ingresar a la facultad de ingenier√≠a con materias previas?,0,1634686501.0
qbnkkl,Puta madre Burger King me hab√≠a emocionado üò≠,125,1634685477.0
qbngz5,Apertura anal.,188,1634685114.0
qbnebi,"TIL tenemos una mona china uruguaya en un juego gacha asiatico, empress of uruguay",17,1634684859.0
qbn0bf,Filtros de canilla para agua potable,7,1634683547.0
qbmqrf,La sorpresa que tuvo Moratorio en un bar cuando fue a declarar por denuncia contra antivacunas,8,1634682729.0
qbmh5p,¬øEs verdad eso de que te pueden hacer repetir una materia por n√∫mero de faltas? ¬øAunque la tengas alta?,2,1634681918.0
qbmdx4,La noche esta para un rakitich,107,1634681643.0
qbm31c,"Alguien ha comprado un pc en Laaca? Alguna Review, experiencias!",0,1634680773.0
qblv03,publicidad de Sarubbi: el sabor m√°s buscado,0,1634680113.0
qbky2o,Calentura con el cuidacoches. ¬øqu√© hubieran hecho?,107,1634677491.0
qbj44t,Prioridad macroecon√≥mica del Gasto P√∫blico Social total y por funci√≥n. Evoluci√≥n desde el a√±o 2012 al 2020,30,1634672322.0
qbiz11,¬øTienen alguna recomendaci√≥n de peluquer√≠as caninas?,1,1634671918.0
qbioxy,Paro de trabajadores de Antel en todo el pa√≠s en reclamo de m√°s presupuesto,4,1634671145.0
qbh85y,Egresados y estudiantes de ciencia,6,1634666905.0
qbggag,"Mi opini√≥n sobre el danette: no se parece, pero puede ayudar a aplacar la abstinencia sufrida por la desaparici√≥n del mousse de Parmalat",7,1634664698.0
qbg173,Consideran que los doctores est√°n bien remunerados?,4,1634663494.0
qbfb5s,¬øAcerca de Fisioterapia como profesi√≥n?,4,1634661420.0
qbf6qc,"""¬øNunca han sido desprolijos en su vida personal?"": exasesor de Cardoso se defendi√≥ ante el Parlamento",11,1634661078.0
qbezzs,Marcelo Abdala fue contratado en una importante empresa metal√∫rgica y celebr√≥ en las redes,0,1634660532.0
qbezy2,¬ø En los √∫ltimos 5 a√±os entraron a ROBAR en tu CASA o APARTAMENTO ?,9,1634660528.0
qbe8m5,Adi√≥s al mural del Centenario: ¬øpor qu√© el estadio ahora luce gris en sus exteriores?,8,1634658326.0
qbdhrz,Halloween: se dispar√≥ la venta de disfraces del maestro Tab√°rez,15,1634656159.0
qbbura,Lacalle y MSP discuten pasos sobre la emergencia sanitaria en medio de una epidemia en retirada,10,1634651183.0
qbajz0,C√≥mo enviar muestra de MyHeritage al exterior?,10,1634646801.0
qb9q9l,Algo me dice que los de esa mesa nunca llegaron,52,1634643773.0
qb8q73,Usted est√° aqu√≠:,215,1634639660.0
qb8hv1,Cuanto se cobra en una pasant√≠a?,6,1634638620.0
qb62cs,Martes de RANT.,7,1634626924.0
qazunt,"Presidente del BPS dijo que ser√° ""un desaf√≠o regularizar emprendimientos"" de redes sociales",7,1634603337.0
qazmo4,Ya que andan con el tema de sueldos...,9,1634602579.0
qaxtdd,San Felipe y Santiago 2021,3,1634596734.0
qaxlua,"D√©cimo encuentro, Cin√©filos Uruguay",23,1634596096.0
qaxkrt,¬øCu√°nto vive un delivery en Montevideo?,9,1634596007.0
qaxidt,"bruh, nacio un brahaman .",70,1634595809.0
qaxhxq,Finest Utu,1,1634595770.0
qax6dc,Alguien ha podido reservar hora para el pasaporte italiano √∫ltimamente?,3,1634594794.0
qax4fe,Clases de ingl√©s para ni√±os en Montevideo,6,1634594638.0
qavx1f,Convocatoria abierta para liceales que quieran ir a estudiar en EEUU. Financian postulaci√≥n para acceder a becas.,10,1634590942.0
qavuns,Inequality index (GINI index) for South American countries from 1980 to 2020 animation,11,1634590710.0
qatmci,¬øCuanto demoran los paquetes en aparecer en USX Cargo?,6,1634584154.0
qatbho,(+18)Aceptar√≠an dinero x sexo? En que condiciones?üò≥,14,1634583326.0
qat8jc,¬øQue es lo m√°s extra√±o que te ha pasado viajando?,3,1634583092.0
qat34z,hip√≥crita,0,1634582651.0
qaspvo,Pc baqueana.,132,1634581583.0
qasl5p,Evoluci√≥n de los delitos Enero-Setiembre 2019/2020/2021 informado por el MI,62,1634581207.0
qasf7l,Importaci√≥n desde Pakist√°n a trav√©s de EE. UU.,7,1634580749.0
qasek8,Ya que andan con el tema de sueldos...,10,1634580696.0
qaro4g,Ya que andan con el tema de sueldos...,1,1634578645.0
qarh6o,¬øAlg√∫n evento de Halloween en Montevideo?,10,1634578090.0
qarbdr,"Passada: ""Las movilizaciones van a crecer"" si no se derogan los 135 art√≠culos de la LUC",16,1634577649.0
qar8l9,"Sobre asesinato de adolescente: A veces las noticias tienen mayor visibilidad en funci√≥n de que no hay otras noticias, dijo Heber",3,1634577423.0
qapvjs,Flyer de inauguraci√≥n de la Terminal Tres Cruces (circa 1994),26,1634573534.0
qapqhi,Cual en la opini√≥n de ustedes es el mejor platillo que Uruguay tiene?,21,1634573141.0
qap6x9,[Thread del departamento de la semana] Flores,8,1634571553.0
qagvy0,¬øCuanto gana un Psiquiatra en Uruguay?,3,1634538007.0
qanm6z,Viajar de Uruguay a Brasil,8,1634566750.0
qanjfu,Restaurantes de ramen,8,1634566501.0
qan6ik,Cuanto te duran 14.000 pesos en MVD,0,1634565362.0
qan6gj,The Legend of Zelda: UTE to the Past,86,1634565355.0
qamwup,Bater√≠as para almacenamiento de energ√≠a: instalan primer sistema en Uruguay,4,1634564442.0
qaktp9,Kechichian explicar√° en el Parlamento alquiler de club armenio por US$ 1 mill√≥n,15,1634556784.0
qakaxx,A que horas cambia las ip's dinamicas Antel?,4,1634554640.0
qajotj,Cuesta Duarte: 69% de los trabajadores menores de 25 a√±os ganan menos de $ 25 mil,23,1634551775.0
qajerk,Nuevo contrato de alquiler *cries in uruguayo*,33,1634550530.0
qainpr,Cual seria su reacci√≥n y opini√≥n si: el Movimiento de liberaci√≥n tupamaros resurgiera?,0,1634546703.0
qahkl3,Cual seria su reacci√≥n y opini√≥n si la JUP resurgiera?,0,1634541163.0
qahfq4,Lunes de historia.,8,1634540525.0
qafqul,Otra pregunta de sueldo m√°s..,5,1634533095.0
qadk3l,¬ø Vives en casa o apartamento ?,5,1634524720.0
qac3hq,Boliches,16,1634519479.0
qabaub,"Al que recomend√≥ ""Misa de medianoche""",4,1634516637.0
qa9d0x,Reparaci√≥n de calefones en Ciudad de la Costa?,3,1634510032.0
qa7je0,Estamos tan acostumbrados a que nos traten como el orto en el transporte p√∫blico?,69,1634504206.0
qa6vbu,telefono,29,1634502125.0
qa3qhf,El Maestro Tab√°rez continuar√° como t√©cnico de la selecci√≥n uruguaya,17,1634492961.0
qa3juh,No hay que ser genio para darse cuenta.,108,1634492397.0
qa2nr5,"Una pregunta para el uruguay, ¬øcuanto mate beben? üßâ",15,1634489717.0
qa1g39,Sigo con problemas con Antel. Ayuda Plis!,0,1634486074.0
qa1eoh,TIL que no reconocemos a Kosovo,26,1634485953.0
qa16pv,A: Todo bien?. B: Bien y vos? A: Bien.,11,1634485261.0
qa02cx,Best desayuno ever! Change My Mind,9,1634481823.0
q9zl35,Shopping Tres Cruces en GTA,43,1634480289.0
q9ypj5,Los reto a hacer un chiste femenino,2,1634477218.0
q9xjtr,üëãüèª,195,1634472888.0
q9xb71,C√≥mo Uruguay se convirti√≥ en el segundo pa√≠s del mundo en energ√≠a e√≥lica,37,1634471907.0
q9vwxr,Natalia Oreiro en Avengers como Capitana Marvela,0,1634465204.0
q9tovm,Domingo random.,5,1634454124.0
q9r8rm,¬øA que clase social consideras que pertences?,14,1634442928.0
q9pgtk,"Que preciso para abrir un ""restaurante"" en PedidosYa",6,1634435883.0
q9p9f1,"Qu√© sucede si compras un producto en ML por un precio ""inconcluso""?",1,1634435067.0
q9ol6v,Cosas raras del Market Place...,2,1634432494.0
q9of5r,¬øAlguien sabe lugares buenos para merendar en montevideo?,219,1634431907.0
q9nc77,Se fue Tab√°rez? Confirmado?,10,1634427913.0
q9n9k7,ojal√° lo citen,7,1634427633.0
q9n5n5,√±ierys cobra peaje...,10,1634427232.0
q9n3rx,Tabarez Oscar Washington,32,1634427040.0
q9mx5k,Alguien Consigue entradas para El Kuelgue?,0,1634426340.0
q9mr0w,"40% de descuento!!!, que generosos...ah no para!",45,1634425685.0
q9mp7r,Fin del proceso.,40,1634425502.0
q9lk81,Guiso Manini Rios,115,1634421594.0
q9ljph,Chimeneas prendidas fuego?,5,1634421545.0
q9lchh,Que opinan los murgueros de r/Uruguay ? Estamos ante una corriente superior a la Murga uruguaya? O es otro delirio porte√±o?,0,1634420837.0
q9l5bg,...,48,1634420145.0
q9kk9o,Gurises recomienden un antitranspirante bueno,7,1634418196.0
q9kjbb,Porque piensan que hay tanta depresion en Uruguay?,25,1634418108.0
q9k1kc,Unas ganas de tener amigos,2,1634416520.0
q9jupz,Renunci√≥ el Maestro Tabarez,6,1634415906.0
q9jqcy,Jarra Conaprole.,0,1634415517.0
q9hxg6,jarra conaprole,0,1634409753.0
q9hrs6,Qu√© cosas te molestan del d√≠a a d√≠a en la calle? Hora de desahogarse.,24,1634409267.0
q9hb7f,qu√© tanta confianza le tienen a sus compatriotas?,6,1634407833.0
q9g132,"Atardecer de ayer, desde Punta Fr√≠a",30,1634403864.0
q9ffd9,"Cheap meme, imaginate laburar en ancap b√≤",139,1634401997.0
q9e6co,Reforma: delegaciones eval√∫an que los cambios de reglas jubilatorias afectar√≠an a la clase media,6,1634398004.0
q9d056,Twitters para seguir?,0,1634394230.0
q9cq89,Caja Profesional: propuestas para salvar ‚Äúun Titanic que se hunde‚Äù,8,1634393302.0
q9ca1b,IM apag√≥ rastreador del auto oficial de Carolina Cosse y el de su escolta de seguridad,29,1634391841.0
q9boxl,Caza de archivos: el punk under de los 90,3,1634389771.0
q9bl1f,"Los dedos, en Punta del Este ¬øOpiniones?",2,1634389385.0
q99023,"Political compass de reacciones de argentinos ante declaraciones de Susana Gimenez: 'Por suerte ""me hice"" uruguaya'. Y bueno, qu√© ser√≠amos los uruguayos si no habl√°ramos acerca de los argentinos",82,1634378080.0
q96vpg,S√°bado de bizarreada.,2,1634367725.0
q95e44,Cu√°nto gana un agente de polic√≠a en Uruguay?,2,1634360797.0
q932ui,No le encuentro un t√≠tulo,25,1634351578.0
q92w17,Orgulloso de los rediturros,128,1634350849.0
q913dk,Qui√©n tiene la culpa?,6,1634344076.0
q90r1e,"Pregunta est√∫pida, como comprar juegos de ps4?",0,1634342823.0
q90nxv,Como son los hogares estudiantiles?,2,1634342517.0
q90ih7,Diputado blanco pag√≥ en negro a trabajadora y le ofreci√≥ $ 300 mil para evitar demanda laboral,14,1634342000.0
q8zxzj,Tenemos buena fama (encontr√© el meme-mapa por ah√≠),222,1634339979.0
q8zvud,"No hace nada, es mansito",126,1634339766.0
q8zrwv,¬øQue banco actualmente acepta transferencias de Binance?,0,1634339372.0
q8znok,Cual es el mejor lugar para pedir un pr√©stamo?,3,1634338967.0
q8yxc7,D√≥nde cursar UTU de inform√°tica?,0,1634336515.0
q8ycc3,"A ra√≠z de un post sobre el iPhone 13, que celulares utilizan?",31,1634334633.0
q8y6mz,Consulta sobre libreta de veh√≠culo.,3,1634334124.0
q8xkg2,Robado de por ah√≠,90,1634332163.0
q8wyev,El engorroso tr√°mite que desestimula las compras web del exterior de aparatos con wifi y Bluetooth,9,1634330294.0
q8ws9g,Hay alguna forma de usar el xbox game pass?,0,1634329769.0
q8wjwd,Y si,91,1634329019.0
q8wf80,About work permit !,6,1634328611.0
q8w7n7,Encuesta Factum: un 84% de los uruguayos aprueba la gesti√≥n del gobierno contra la covid,15,1634327991.0
q8w5kp,Encuesta para proyecto.,5,1634327815.0
q8vqwo,Comida Kosher en Uruguay,8,1634326538.0
q8vgwo,"Alguien recuerda este postresito? Se hacian en 5 minutos, venian en varios sabores tipo chocolate con menta, choco solo, etc. Se acuerdan Burices?",20,1634325678.0
q8uytl,Comunidad LGBT+ en ambientes conservadores,0,1634324180.0
q8u3mt,Llegaron los IPhone a Uruguay,0,1634321539.0
q8u3c1,"Buen d√≠a,",8,1634321515.0
q8t9zd,Hacer una casa contratando un Arquitecto,5,1634319078.0
q8su06,"Luis Lacalle Pou, √≠ntimo: la serie que m√°s le gusta y su lugar preferido para comer en Uruguay",0,1634317719.0
q8sf4d,Coronavirus UY todos los dias?,3,1634316510.0
q8rkrc,"Metro de Montevideo - Ep. 1 Quien nada hace, nunca se equivoca",12,1634313964.0
q8rese,"Por qu√© el peso uruguayo se esta devulando con respecto a las dem√°s monedas, no solo monedas del primer mundo sino tambi√©n las sudamericanas. Alg√∫n economista en este sub.",19,1634313517.0
q8rai8,Opiniones sobre bachillerato finest it y redes de utu,2,1634313157.0
q8r3yr,Yo no vi un peso de Okupas,0,1634312597.0
q8qrm9,C√≥mo cambi√≥ Montevideo en las √∫ltimas dos d√©cadas,6,1634311553.0
q8qksd,El maestro nomaaaaa,178,1634310985.0
q8pqbx,Quejas o denuncias por incumplimiento plazos Udelar,9,1634308497.0
q8pq41,El Maestro antes de empezar a cerrar esf√≠nteres,2,1634308479.0
q8of5b,Diputado blanco pag√≥ en negro a trabajadora y le ofreci√≥ $ 300 mil para evitar demanda laboral,32,1634304390.0
q8o1gu,"baja el d√≥lar, que recomiendan gente?",0,1634303133.0
q8nzhi,eliminatorias Qatar 2022,51,1634302979.0
q8nuk7,Guns per capita,33,1634302553.0
q8n8um,"El otro dia subi unas fotos que saque de AFE, ahora le toco al Palacio Legislativo. Me enfoco en retratar los detalles, texturas y formas.",106,1634300344.0
q8mffz,[Actualizaci√≥n] Pelados que corren: Quedan 4.,158,1634297125.0
q8m8iy,lo peor es tener que aguantar la risa de los brasile√±os kkkkkkkkkkkkkkkkkkkkkkkkkkkkkkkkkkkkkkkkkkkkkkkkkkkkkkkkkk,18,1634296391.0
q8ivm1,Viernes de lluvia.,3,1634281324.0
q8iaxu,Reflexi√≥n futbolera a las 3 am linkeada a la idiosincrasia uruguaya,11,1634278798.0
q8gsfu,"Tab√°rez: ""Lo que tenemos que lograr es que nadie tire la toalla""",5,1634272624.0
q8fi1e,no importa cuando veas esto,113,1634267946.0
q8fhjn,ya est√°n muertos,122,1634267898.0
q8f4br,Maestro?,79,1634266634.0
q8exdj,Verg√ºenzinha,112,1634265966.0
q8evu5,Vamos hermanos no aflojen!,22,1634265817.0
q8esp5,Renunci√≥ Tabarez,2,1634265514.0
q8eom4,[Post Match Thread] Brasil 4-1 Uruguay,23,1634265132.0
q8ek9r,Le puse musica a un desfile militar del 1950 (y lo sincronice) Y quedo soprendentemente bien.,8,1634264726.0
q8edlg,PSA: The path is the reward.,25,1634264089.0
q8e2db,Jeje :'(,14,1634263060.0
q8e00d,Fuera de joda,45,1634262834.0
q8dt8g,ANDATE POR FAVOR,57,1634262183.0
q8dj7j,ANTEL Fibra Plus: ¬øvale la pena?,2,1634261259.0
q8df5a,el original era more feo,27,1634260874.0
q8dder,Alguien ac√° juega Tetris? Este es mi r√©cord haciendo 1000 l√≠neas.,18,1634260716.0
q8d2zr,Tabarez guarda la ch*ta,47,1634259702.0
q8cilm,vamo arriba gurises!! tiranos temblad !!,0,1634257739.0
q8bin3,El otro fideicomiso de vivienda que impulsa el gobierno,4,1634254390.0
q8bi36,Almagro: ‚ÄúMe podr√≠a integrar a cualquier grupo de izquierda al que me inviten‚Äù | la diaria,3,1634254338.0
q8bdau,Seguidores.,118,1634253922.0
q8azb1,existe la calabaza americana en Uruguay?,0,1634252817.0
q8apdq,"palacio d√≠az, art deco high-rise in montevideo, uruguay",31,1634252060.0
q8akm0,Se puede pasar modelos a escala o Aduanas los retiene?,7,1634251659.0
q8ad6d,"No de nuevo dec√≠a, no de nuevo",9,1634251024.0
q8a62w,Ayuda bros,0,1634250421.0
q89tq0,¬øComo es el proceso para estudiar en Espa√±a?,5,1634249382.0
q89iil,Me voy de viaje y traigo una tele,0,1634248473.0
q898xg,Computadoras reacondicionadas,0,1634247640.0
q88ymw,De qu√© clase de basuras estar√≠a hecha la pascualina de la panader√≠a El T√≠o Hugo?,27,1634246804.0
q88adw,"Lacalle Pou se mostr√≥ por primera vez sin tapabocas en un acto oficial, tras nuevas medidas del MSP",6,1634243940.0
q885q3,Damon Albarn sac√≥ una canci√≥n sobre el Palacio Salvo y es una de las cosas mas hermosas que he escuchado,13,1634243547.0
q88128,Lazo rosa - c√°ncer de mama,7,1634243151.0
q87d4e,"GTA Rio de la Plata, men√∫ y radios",31,1634241125.0
q86zb8,Vas a ver el partido de Uruguay?,1,1634239991.0
q86yzf,Encuesta sobre Software,22,1634239963.0
q86qsr,traje unas facturas:,290,1634239279.0
q86fhj,Vera TV: promo para su suscripci√≥n premium,0,1634238344.0
q869fp,Opiniones sobre Gamerstore,0,1634237882.0
q84v6y,Xbox Game pass en Uruguay,3,1634233685.0
q84o7w,Compra de Criptos bloqueada en Uruguay?,0,1634233088.0
q8434w,ayuda para crear cuenta oca,6,1634231357.0
q82cv6,De la idea a la imagen por Nat Cardozo,1,1634226285.0
q813jb,Por que las Uruguayas no se maquillan o producen??,0,1634222417.0
q811zm,"La Copa Libertadores trae millones de d√≥lares, aeropuertos llenos, un Centenario resucitado y el peligro de los barras.",10,1634222288.0
q810e6,Creen seriamente que el Mundial 2030 se jugar√° en Argentina/Uruguay/Paraguay/Etc?,6,1634222151.0
q80q46,El Astori de los 80. Adoptanos Fidel!!,9,1634221264.0
q80mpf,Rapid/antigen Covid testing on site at the Montevideo airport for departure,8,1634220971.0
q7zsnq,Montevideo gaming house c√≥mo funciona?,35,1634218346.0
q7zf55,Empanadas D'la Rivera,1,1634217079.0
q7zdow,Saben si hay gente que trae cosas de ee.uu?,11,1634216933.0
q7z4nx,Si rajan a Tab√°rez...,0,1634216131.0
q7wrr6,FIFA World Cup qualification (CONMEBOL) -- Brazil VS Uruguay Picks & Game Preview,2,1634206617.0
q7wd8r,Liberalismo bajo la lupa,3,1634204633.0
q7ug3c,Jueves XXX.,5,1634194925.0
q7rtei,"Dourado: aplicaciones eran ""un Mercedes Benz del que se bajaba un rubio de ojos verdes, y hoy se baja un √ìscar de un autito destrozado""",0,1634183621.0
q7r1az,Fogones Rock 2021,0,1634180693.0
q7r080,Comprar vinilos por internet con env√≠o barato/gratuito?,6,1634180587.0
q7prxb,¬øQu√© opinan de la chapa y pintura que le est√°n haciendo al Estadio Centenario? ¬øVale la pena? ¬øMejor tirarlo y construir uno nuevo? ¬øM√°s gris en la ciudad?,30,1634176201.0
q7pety,Buscando maquinaria industrial,5,1634174897.0
q7p63m,¬øComo viven en Montevideo?,11,1634174019.0
q7oxlm,Opiniones guitarras cl√°sicas,1,1634173201.0
q7nz3c,Netflix is shooting its first feature in Uruguay,11,1634169785.0
q7num3,Ahora todo tiene sentido,70,1634169397.0
q7nmn6,Charles Carrera alerta por crecimiento de los homicidios en los √∫ltimos tres meses,4,1634168604.0
q7nkwn,Posible Estafa Piramidal,65,1634168436.0
q7ncy6,Chaj√°,65,1634167684.0
q7k8d4,Se pueden resetear los creditos en la FING,1,1634157814.0
q7jfnx,Mandar Fax por internet desde Uruguay?,0,1634155428.0
q7iong,Opiniones sobre Alorica?,4,1634153289.0
q7hpfd,UnionCapital Afap,2,1634150547.0
q7h9jk,Ruidos molestos: gesti√≥n de denuncias y quejas de vecinos de Pocitos,6,1634149298.0
q7gu9v,Fiestas de fin de a√±o que terminaron mal o bizarreandose..,5,1634148089.0
q7g0g6,El campe√≥n alem√°n de ajedrez Georg Meier cambi√° de federaci√≥n a la nuestra,270,1634145721.0
q7ffua,"Ante la ca√≠da del uso del usted en favor de vos y t√∫, los hablantes de Montevideo desarrollan estrategias para suplantar su trato formal",3,1634144108.0
q7f5o4,Choc√≥ con un autom√≥vil cuando hu√≠a de robar una motocicleta,5,1634143297.0
q7eyt4,Alguno sabe,1,1634142759.0
q7ey26,Historias del interior..,4,1634142700.0
q7e5nx,Finalmente me vacun√© gente :D,130,1634140509.0
q7e4yc,"Holaa, quiero arrancar a leer poes√≠a. Alguna sugerencia?",8,1634140451.0
q7doga,Integrantes de las listas a la elecci√≥n de la Caja de Profesionales,0,1634139105.0
q7do5y,"Presos de Punta de Rieles y ex-Comcar competir√°n en el primer mundial de ajedrez entre c√°rceles, promovido por ANEP y el INR",34,1634139080.0
q7d36w,"Ustedes ir√≠an a la emergencia? (tw, consejo m√©dico?)",10,1634137380.0
q7cwk6,Subrayado earrape,1,1634136879.0
q7c6c8,ayuda no entiendo a los hombres,9,1634134775.0
q7brjl,"Su experiencia con Socio Espectacular. Quienes tengan o hayan tenido la tarjeta de Socio Espectacular, ¬øque tal su experiencia?, ¬øvale la pena?, ¬øalg√∫n tip? https://socioespectacular.com.uy/tarjetas/",5,1634133597.0
q7bmjs,Piden oferta de clases virtuales en terciarios,9,1634133178.0
q7bmds,GTA R√≠o de La Plata,263,1634133163.0
q7baep,Lo que la pandemia dejo en las costumbres..,6,1634132099.0
q7awy2,Uruguay: encuesta dice que el 77% aprueba requisito de vacuna COVID-19 para asistir a eventos masivos.,32,1634130883.0
q7a5mv,"La Caja Profesional le pide al Estado un pr√©stamo de m√°s de US$ 100 millones, ¬øqu√© hay detr√°s?",4,1634128371.0
q78gbl,"tanto que nos re√≠mos de Susana y ten√≠a raz√≥n, no solo podemos encontrar a√∫n dinosaurios vivos, sino que encima dan seminarios üòÇüòÇ",58,1634121835.0
q771ty,"Saque algunas fotos de AFE, por lo menos desde afuera, la idea era retratar los detalles, texturas y colores, no las cl√°sica fotos del edificio que se encuentran en google, sino que una mirada √≠ntima de la estructura y el paso del tiempo. Ojala le hagan justicia a este precioso edificio pronto.",78,1634115302.0
q75nim,Mi√©rcoles de los sue√±os.,6,1634108525.0
q717j7,Forge,0,1634090892.0
q70pq3,"Playa de Piri√°polis , hoy , 12/10/21",25,1634089183.0
q70fqm,"Ante la ca√≠da del uso del ""usted"" en favor de ""vos"" y ""t√∫"", los montevideanos desarrollan estrategias para reacomodar su trato formal",15,1634088234.0
q6zahh,Elecciones en Caja de Profesionales,5,1634084294.0
q6yhlp,"Ministra de la Corte Electoral dijo que ""la campa√±a contra la LUC transita a pura mentira""",14,1634081544.0
q6yh19,Ingenier√≠a deMuestra del 13/10 al 15/10,5,1634081494.0
q6y5ee,Visto por Ciudadela,82,1634080442.0
q6xrd6,Vacunaci√≥n pasada la fecha de agenda,2,1634079189.0
q6xq6y,"Hay que capacitarse, no queda otra.",83,1634079074.0
q6xlsw,Estudiar ingenier√≠a en alimentos???,4,1634078677.0
q6x415,Haberlo sabido antes!,32,1634077116.0
q6w7ok,Decepcionado con el cambio de gobierno y la politica uruguaya de siempre,0,1634074321.0
q6vxuq,Experiencia Incre√≠ble Servicio T√©cnico ANTEL,38,1634073494.0
q6vvh4,Compras en AliExpress llegando a Uruguay,3,1634073295.0
q6vlsj,Necesito descargarme.. MIRTRANS PUTO,5,1634072485.0
q6vioo,ByD Song naftera,1,1634072237.0
q6v5xi,Consulta recurrente,0,1634071160.0
q6u5gi,Muy linda sorpresa en el BHU...o quizas no tanto?,23,1634068153.0
q6tjz3,DirecTV detallista,0,1634066430.0
q6taxy,Does anyone here care about chess?,20,1634065698.0
q6sq45,¬øPorque los Uruguayos se preocupan tanto por el f√∫tbol?,9,1634064016.0
q6pa5z,Aumentos de salarios,23,1634054126.0
q6p85r,Femicidio en Sayago: hombre de 43 a√±os asesin√≥ a pu√±aladas a su pareja de 29 frente a su hija,6,1634053962.0
q6ohkk,Uruguay: IMF recommends addressing skill-mismatch between the labour force and new jobs.,10,1634051894.0
q6nzzl,"la verdadera fecha patria, para calentar la previa",154,1634050536.0
q6nl0z,Antel me acaba de mandar un sms diciendo que gan√© 6 meses gratis de VeraTV (En mi perra vida us√© Vera),8,1634049357.0
q6n6ty,Mudarme afuera de Montevideo,7,1634048249.0
q6n6p0,Libreta Motorhome,6,1634048237.0
q6m943,Alguien vio esto en la wikipedia??? Ciudadanos legales de Uruguay con problemas en sus pasaportes,24,1634045481.0
q6m2fo,Alguien que haya pedido en Aliexpress para responderme una duda de los env√≠os?,3,1634044912.0
q5wz1t,Sonidos Referentes a Servicios que se escuchan en las calles de Montevideo y Uruguay,4,1633962249.0
q6lo61,"Que carajos? 240 pesos un kilito de tomate? que est√° pasando con la inflaci√≥n en Uruguay, por qu√© nadie habla de eso",77,1634043685.0
q6j0bh,"La tiro, hasta donde se puede reclinar el asiento en los inter?",6,1634033945.0
q6gd1s,Martes de RANT.,7,1634022125.0
q6g8u3,Por que no puedo elegir quien me va a proporcionar el internet en mi hogar? por que tiene que ser la basura de Antel?,0,1634021659.0
q6dm09,Que pasa con antel a partir de las 23hs? por que se va al garete.,7,1634011257.0
q6dhxp,Coronavirus en Uruguay: Colonia triplica los casos en 12 d√≠as y podr√≠a pasar a naranja en √≠ndice Harvard,7,1634010910.0
q6cii0,duda sobre traerme la Xbox Series S,4,1634007522.0
q6c6np,aprende algo dinero.,12,1634006396.0
q6basy,"Un terito urbano ahora en ciudad 18 de Mayo, Canelones, URUGUAY",4,1634003470.0
q69egw,Danubio estren√≥ el Centro de Entrenamiento: primer espacio exclusivo para planteles de f√∫tbol femenino,5,1633997130.0
q68zc1,"Cuidados paliativos: c√≥mo se abordan en Uruguay, el plan en el Parlamento y la ""falsa oposici√≥n"" con la eutanasia",1,1633995783.0
q67xok,"Malvinas, sobre la garra y los insultos luego de la derrota",0,1633992554.0
q67u7b,A flor de piel.,75,1633992258.0
q67ptz,El juego del calamar tras el velo de la ignorancia,2,1633991867.0
q66krv,[Thread del departamento de la semana] San Jos√©,0,1633988547.0
q65cqs,Carpincho,156,1633985143.0
q64dtt,La pol√©mica est√° presentada. Oh salve Dios Calcar,80,1633982474.0
q645q0,Iafigliola present√≥ a Cipriani propuesta para ‚Äúdesestimular los abortos‚Äù en ASSE y dice que hay ‚Äúvoluntad pol√≠tica‚Äù | la diaria,9,1633981885.0
q63lp0,Buscando por un advertisio de la campa√±a de Jos√© Mujica para una tarea de mi clase de espa√±ol,1,1633980370.0
q63gpq,Cecoed eval√∫a sanciones para Expo Salto por incumplir protocolos sanitarios,4,1633980004.0
q60zbe,Stage te invita a visitar Being Van Gogh en el Centro de Arte Inmersivo de Montevideo Montevideo Shopping,4,1633973320.0
q60vh1,Santiago Urrutia corre RALLY !!! que nivel los periodistas de ac√°...,14,1633973014.0
q60103,Av. Uruguay y Florida - 1920,29,1633970685.0
q5yorx,Este tipo es incre√≠ble,12,1633967078.0
q5yaj1,por si hoy forobardeas porte√±os,111,1633965977.0
q5y6ja,Binance y Prex no longer in a relationship?,2,1633965673.0
q5xtfn,Argentina 3 Uruguay 0,3,1633964648.0
q5x2f5,Buenos perfumadores de ambiente pudieron en las paradas del centro!,30,1633962527.0
q5w9l5,Kombis Volkswagen,6,1633960164.0
q5vki1,Esperar?,163,1633958025.0
q5vdh3,Que m*erda pasa con Mastercard en Uruguay???,0,1633957408.0
q5v540,El camino es atender a los periodistas deportivos,57,1633956697.0
q5uqzm,Causas de la depresi√≥n en general,34,1633955254.0
q5ulvf,Muros,6,1633954727.0
q5tyal,Llamadas de n√∫meros desconocidos,19,1633952260.0
q5t4qa,¬øAlguna experiencia con la cuenta HSBC Premier para no residentes?,5,1633948990.0
q5qacr,Lunes del dulce de leche.,2,1633935725.0
q5q432,Podemos juntar a todos los redditeros que queremos a la selecci√≥n e intentar hacer algo para sacar a Tabarez de una vez por todas?,11,1633934927.0
q5orzb,"√ìscar Tab√°rez: ""Hay que cerrar los esf√≠nteres, todos, principalmente la boca""",10,1633929066.0
q5npkt,"Las Montevideo paralelas: del metro a una isla artificial en Trouville, los proyectos que nunca se concretaron",12,1633924816.0
q5nodl,"Robo de auto en 30 segundos , barrio Sayago",11,1633924693.0
q5m3q0,Perd√≥n JR.,63,1633918779.0
q5lf9o,"Por las numerosas interpelaciones en su contra, Heber se mud√≥ al Palacio Legislativo",19,1633916249.0
q5l846,Renunci√° Tabarez!!,44,1633915525.0
q5l6d3,"Anda como amigos, nos esa malo.",146,1633915343.0
q5l6cy,Disfraz de halloween,5,1633915342.0
q5l4ra,Arquero titular contra Brasile√±o?,1,1633915171.0
q5k889,"Que te pas√≥ Uruguay, antes eras ch√©vere...",54,1633911785.0
q5iw4s,¬øQu√© opina La Diaria de u/bot_canillita?,0,1633906943.0
q5id98,Tester de Software Salarios,3,1633905164.0
q5hvo3,Consulta sobre prex y ronin,0,1633903534.0
q5gdbq,"¬øEs posible trabajar, estudiar, hacer ejercicio y tener vida social sin perder la salud mental en el intento?",22,1633898724.0
q5fp83,"TODO LO QUE HICE FUE PARA QUE ESTUVIERAN ORGULLOSOS, DIME QUE ESTAS ORGULLOSO SHIFU",29,1633896608.0
q5e426,Que tanto vale la pena hacer cursos gratis de programacion?,3,1633891733.0
q5du6z,feliz d√≠a para todes,78,1633890945.0
q5cmgn,Un peque√±o agradecimiento,168,1633887169.0
q5cgwz,Lloro,39,1633886689.0
q5cdry,Alg√∫n campo de airsoft por mvd?,1,1633886412.0
q5c1s7,Apertura de las fronteras para extranjeros,16,1633885355.0
q5bzib,"Si quer√©s ver Uruguay vs Argentina, pas√°!",28,1633885187.0
q5bs9b,"Me quiero tatuar, como es el tema de los dise√±os originales?",1,1633884568.0
q5b2ic,how do you do fellow kids? *inserte Buscemi*,27,1633882408.0
q5ahk6,D√≠a mundial de la salud mental,1,1633880618.0
q5a3xm,Conseguir trabajo en Montevideo siendo del interior,9,1633879430.0
q58uqk,La educaci√≥n financiera ya no ser√° una asignatura pendiente,8,1633875350.0
q58btx,Quiero comprarme mi primer auto pero no juno mucho...,5,1633873546.0
q589py,En Uruguay se puede pagar con ApplePay?,2,1633873332.0
q56xrj,Al peluquero se le deja propina?,15,1633868217.0
q56wj0,Google pay en supermercados de Montevideo,1,1633868070.0
q56ohp,buen d√≠a grupo,26,1633867134.0
q56dx0,¬øC√≥mo se puede denunciar a un conductor de √≥mnibus?,50,1633865749.0
q5317e,Domingo random.,6,1633849325.0
q51x1w,LOS √öLTIMOS CHARRUAS EN FRANCIA NOTAS Y ESTUDIOS REALIZADOS ALL√ç,9,1633843954.0
q4zcfk,Busco experto en redes,1,1633832937.0
q4z92j,What products are made in Uruguay,3,1633832565.0
q4yb00,El culto de Danubio,4,1633828785.0
q4y742,Derogaci√≥n de la LUC,19,1633828340.0
q4wcc0,[Rugby] Los Teros clasificaron al Mundial de Francia 2023 tras vencer a Estados Unidos,42,1633821184.0
q4w0le,Me sale m√°s barato la muzza y la chela en el bar,161,1633820075.0
q4v588,COLET DE MENTA? AYUDA POR FAVOR!,14,1633817123.0
q4v4nm,Atardecer en la Playa Malvin.,21,1633817069.0
q4ukhw,Donde reciclar PS3?,3,1633815256.0
q4u5th,a petici√≥n de una sola persona voy a mostrar dibujos chotos que hice üóø,90,1633813904.0
q4tdwz,"Tres heladeras, un sill√≥n y una bomba de piscina: restos de limpieza en el Arroyo Carrasco",6,1633811428.0
q4rj89,Cual es el mejor lugar para estudiar fotograf√≠a en Uruguay? üá∫üáæ,8,1633805700.0
q4rhs4,Momento de levantar la emergencia sanitaria?,10,1633805580.0
q4p93q,¬øRequiere permisos un herrero? (ruidos molestos),19,1633798703.0
q4om13,Esa parte de la historia que no te cuentan,79,1633796713.0
q4ok1f,Sale vaquita? Jaja,4,1633796540.0
q4o36w,FA pide dejar sin efecto la concesi√≥n del puerto,11,1633795075.0
q4o1uh,‚ÄúEs el fin de los para√≠sos fiscales‚Äù: el acuerdo mundial en impuestos que suscribi√≥ Uruguay,6,1633794954.0
q4lygv,"Choferes de aplicaciones en crisis: son cada vez menos, demandan a Uber y quieren beneficios del taxi",4,1633788162.0
q4lw04,Esta gente en que mundo vive?,78,1633787962.0
q4l48g,Exintegrante de la campa√±a de Sartori cuenta en un libro lo que vio por dentro | la diaria,14,1633785281.0
q4jjy6,South American Firm Buys Up More Farmland in a Bet on Food Inflation,13,1633779282.0
q4g30a,S√°bado gourmet.,5,1633762925.0
q4bnwb,R√©gimen jubilatorio. Est√°s de acuerdo con jubilarte a los 65 a√±os?,0,1633743582.0
q4bn3m,"Gurises, es real esto?",1,1633743498.0
q4aid1,Consulta sobre paga de impuestos y como evitar que el estado te rompa el culo,2,1633739301.0
q4abhm,Citan Uzuki.,46,1633738584.0
q49u8l,Mila de pollo al pan,7,1633736899.0
q49rq6,Prueba de bomberos,4,1633736658.0
q49mm8,¬øEsta sobrevalorado tener auto en Uruguay?,36,1633736162.0
q486gi,"Les dejo por aqui un videito dedicado a nuestra paisito, le meti bastante esfuerzo y estaria agradecido si le dan un intento. En el hablo de una de las pocas peliculas que tenemos, y de como logra retratar a la perfeccion la esencia de Uruguay. Tambien analiso la peli a nivel de direccion, saludos.",18,1633731347.0
q47yk0,"¬øD√≥nde comprar un monitor a 1440p y 144hz ""barato""?",8,1633730652.0
q47mdh,Brasil y Argentina anuncian acuerdo para reducir el arancel externo com√∫n del Mercosur,13,1633729604.0
q46pt7,Trabajo Remoto ¬øPorque los uruguayos est√°n negados al progreso?,15,1633726797.0
q45wqz,Hoy me enter√© que hay Agua Nix,4,1633724292.0
q45mfs,Uruguayos quieren aprender espa√±ol a√∫n? ü§£,55,1633723417.0
q45k0p,Consulta para alg√∫n jud√≠o,49,1633723223.0
q44t9x,"Metros OCA, no s√© si estoy mal o los canjes que ofrecen se fueron al joraca...",5,1633720959.0
q44qoy,"Hola! Somos alumnos de un Liceo de La Paz, Canelones y estamos realizando una encuesta sobre el racismo, nos gustar√≠a contar con tu participaci√≥n. Muchas gracias! Apreciar√≠amos mucho su difusi√≥n. üëâüèºüëàüèº",19,1633720746.0
q439hy,Se me venci√≥ la tarjeta Alfa Brou con saldo adentro,4,1633716330.0
q41hgd,Proyecto prev√© adaptar puentes de nuestras carreteras para proteger la fauna nativa,21,1633711173.0
q41flk,"Durante las lecciones de manejo, se le escap√≥ el pedal y termin√≥ en el r√≠o Y√≠",4,1633711015.0
q41ex1,"Luis Lacalle Pou, en el America Business Forum: ‚ÄúUruguay va a comerciar con el mundo porque es el progreso y el salto que debemos dar en estos a√±os‚Äù.",59,1633710955.0
q419u8,"Desempleo baj√≥ a 9,5% en agosto y la tasa de empleo lleg√≥ a su mayor nivel pospandemia | la diaria",11,1633710544.0
q418bf,"Carlos Maslat√≥n, referente del movimiento liberal argentino: ¬øC√≥mo se para ante las cr√≠ticas?",2,1633710419.0
q4121j,La Botella FC carajooooo,22,1633709888.0
q40ugo,Why Uruguay‚Äôs Bet on China Matters for Latin America,2,1633709269.0
q40h43,"El Quijote ""soluciones"" inform√°ticas",0,1633708163.0
q3ygde,"Eduardo Bonomi: ""Dif√≠¬≠cilmente la responsabilidad de la fuga de un preso sea del ministro""",14,1633701976.0
q3xhgs,Cadena perpet√∫a o pena de muerte en Uruguay [LEER COMPLETO],0,1633698748.0
q3x6qv,Caos log√≠stico: puede salir m√°s caro el flete desde China que la mercader√≠a,7,1633697774.0
q3x4li,El gobierno interviene ante el conflicto en UPM; empresas y Sunca no logran acuerdo,5,1633697564.0
q3wffr,"Educacion financiera, consejos para invertir en la bolsa de USA desde Uruguay?",26,1633694961.0
q3wc3l,PIT-CNT dijo en el Parlamento que ve ‚Äúdificultades‚Äù para implementar proyecto sobre personer√≠a jur√≠dica | la diaria,0,1633694603.0
q3wbby,Consejo de la Facultad de Ciencias resolvi√≥ pedir expulsi√≥n de docente grado 5 denunciado por acoso sexual | la diaria,43,1633694520.0
q3shov,Viernes emprendedor.,5,1633676525.0
q3qbkw,Nada es gratis en la vida üé∂,41,1633667254.0
q3peih,Investigando ra√≠ces y antepasados,9,1633663705.0
q3pcud,Alguien tiene est√° trabajando para Baires Dev? o que haya trabajado?,9,1633663528.0
q3o6w3,AYUDA con un recuerdo,0,1633659275.0
q3mslj,Clases de apoyo de genetica por montevideo?,6,1633654222.0
q3layw,Compras por tiendamia con 'importaci√≥n f√°cil',2,1633649025.0
q3kvcv,Uruguayos en los Pandora Papers: God√≠n y Salgado entre los 485 mencionados,21,1633647606.0
q3kolt,"Asesor del presidente de OSE denunciado por contrataciones irregulares, abuso de poder y clientelismo",5,1633646968.0
q3ki6y,N√∫mero de ocupados (promedio trimestral) alcanz√≥ niveles pre pandemia en setiembre de este a√±o.,37,1633646377.0
q3kced,Qu√© mierd4 es la sociedad?,0,1633645830.0
q3jflq,Un patriota jugando Pokemon en el 370.,129,1633642992.0
q3ja1a,1k bruto que les parece como sueldo para QA Jr c/ingles para trabajo remoto?,13,1633642510.0
q3j1q9,¬øQu√© dice la Uni√≥n Europea sobre el cambio tributario que le pidi√≥ a Uruguay?,7,1633641821.0
q3izvk,Prex y Paypal,3,1633641674.0
q3icsr,Cual es la mejor banda de rock uruguaya (Voto Popular),20,1633639879.0
q3i8u7,Como ven a la selecci√≥n para el Uruguay - Colombia,1,1633639560.0
q3h3ad,Como veo uruguay hoy?,2,1633636246.0
q3gjbs,cuales son las posibilidades de que la FIFA nos deje ganar un mundial,0,1633634658.0
q3gci6,F1 tv,16,1633634120.0
q3flfd,Ayuda,0,1633631937.0
q3fd4f,Que gimnasio me recomiendan que este en el centro de Montevideo?,0,1633631261.0
q3eie9,"Tras pol√©mica demolici√≥n en Pocitos, IMM apura resoluciones para preservar m√°s de 100 casonas patrimoniales del barrio",15,1633628845.0
q3ednv,Ver el partido legalmente,2,1633628468.0
q3cx62,Un uruguayo es finalista de Call for Code,9,1633624395.0
q3cspv,Cuanto tarda Antel en mejorar contrato?,2,1633624054.0
q3ci5y,"Los nacidos en 1967 ser√°n los primeros afectados por la reforma jubilatoria, seg√∫n borrador de la comisi√≥n",11,1633623224.0
q3bxbk,V√°lvulas de vac√≠o,7,1633621564.0
q3aznp,qu√© hace la intendencia con el reciclaje de los edificios?,7,1633618915.0
q3ayey,Conocen algun lugar donde vendan cerveza importada mas econ√≥mica?...,6,1633618824.0
q3aja5,Mejores aspiradoras para auto?,3,1633617589.0
q3a1pi,Termino Primera Dama,2,1633616159.0
q3a16n,Android o iOS,0,1633616117.0
q39uxr,Asesor de Cardoso intermedi√≥ por Kirma y otras empresas en gestiones ante agencia que trabaja para Turismo,3,1633615609.0
q39s4p,"Mmm... En TaTa, constituyente y tacuarembo",38,1633615380.0
q39r45,Saben de alguna p√°gina d√≥nde pueda encontrar un trabajo como ingeniero de sonido de forma freelance o similar??,4,1633615301.0
q39bqt,Problemas de confianza,123,1633614035.0
q38od6,Wtffffffffffffffff?!!!!!,113,1633611955.0
q38jyc,Alguien usa PSNow desde Uruguay ? vale la pena? funciona bien?,1,1633611601.0
q3713o,180.com.uy :: FMI elogia a Uruguay y revisa al alza su previsi√≥n de crecimiento,34,1633606093.0
q35una,¬øD√≥nde comprar electrodom√©sticos usados en Montevideo?,5,1633601321.0
q33hm7,Jueves de an√©cdotas.,4,1633590125.0
q319r7,Indoor skatepark,9,1633580893.0
q2zru7,H√≠bridos,0,1633575503.0
q2wo64,D√≥nde est√° el fernet m√°s barato de Montevideo?,2,1633564441.0
q2vzms,Consulta para los que han creado negocios online sobre el uso de stripe como forma de pagos,0,1633562224.0
q2vmlg,Primavera en Mdeo. = La muerte,101,1633561034.0
q2vhjh,Te pones nervioso/ansioso antes de un parcial/examen,6,1633560548.0
q2vcjw,Para los que han viajado al exterior en pandemia.,5,1633560082.0
q2uud1,Cu√°l es el mejor auto 0km que te podes comprar en este pa√≠s por 12k d√≥lares (puede ser algo m√°s pero no mucho)?,6,1633558418.0
q2ti31,PC DESKTOP - DND COMPRAR,1,1633554317.0
q2sy77,"Ola de mosquitos en Montevideo: no transmiten enfermedades, pero tienen picadura muy irritante",15,1633552607.0
q2sxbx,"Reforma jubilatoria: quitar beneficios extras a las cinco cajas, subir edad de retiro y otras recomendaciones del oficialismo",11,1633552530.0
q2s8em,Contame tus experiencias en el casino/tu opini√≥n sobre el casino.,6,1633550425.0
q2r68d,Encuesta para estudios sociales y econ√≥micos,12,1633547207.0
q2p5h2,Bajar ping,0,1633541106.0
q2oxxh,Buena carrera para inmigrar a Murica?,0,1633540498.0
q2nsll,Tengo un monton de cosas y quiero venderlas. C√≥mo hago?,6,1633537093.0
q2ni6h,Soy el √∫nico que cree que al negocio del Software se le viene la noche si Uruguay pasa a gravar renta mundial?? Los leo.,38,1633536233.0
q2nhhf,Estudiar Programacion,6,1633536176.0
q2mzc9,pregunta seria,5,1633534652.0
q2mqvh,Invertir 300k usd,15,1633533922.0
q2l9a0,La Uni√≥n Europea pidi√≥ a Uruguay actualizar su r√©gimen tributario para rentas en el exterior,25,1633529441.0
q2l1uv,"Uruguay y la ""lista gris"": oposici√≥n lo atribuye a la LUC; MEF y experto dicen que ""no tiene nada que ver""",10,1633528821.0
q2kqim,[Handball] Uruguay empat√≥ con Paraguay en el Sur Centroamericano Femenino,2,1633527777.0
q2kg2s,"""Si solo todos fueran Uruguay"", dice The Economist tras datos de apoyo a democracia",23,1633526814.0
q2j679,"""Si ganaba el FA se segu√≠a certificando"" a docentes, dijo sindicalista de Fenapes",9,1633522439.0
q2f3xm,Mi√©rcoles de deportes.,3,1633503725.0
q2exvq,BOOTCAMP MERCADO LIBRE experiencias,3,1633502982.0
q2eo0d,Buying property in Uruguay to rent out and mortgages,0,1633501676.0
q1wgha,Opciones de estudio/trabajo,2,1633440717.0
q2ciog,Alguien tiene nostalgia de las XO?,12,1633492277.0
q2cf5n,usxcargo es confiable?,4,1633491874.0
q29vjh,happyncho,28,1633482067.0
q29h4u,Fibra √≥ptica,0,1633480640.0
q29ddd,Robado de por ah√≠,302,1633480266.0
q287ut,Aparecimos en r/historymemes,42,1633476162.0
q27ter,Problema con WIFI de Antel,3,1633474808.0
q27krs,"La inflaci√≥n baj√≥ a 7,4% en el a√±o cerrado a setiembre",14,1633474022.0
q25w7b,"Cuando el sol se va ocultando, muestra una singular belleza. Bendito Uruguay",33,1633468819.0
q27gs1,El l√≠mite de las franquicias aduaneras deber√≠a ajustarse anualmente por la inflaci√≥n en USD (de EEUU),36,1633473664.0
q27a7c,llegando a 6969 karma con 69 de bater√≠a y 6666 karma en el mes de haloween,13,1633473068.0
q26arb,"Antel y el ""modo puente""",6,1633470058.0
q24r88,¬øC√≥mo hago la potabilidad num√©rica?,9,1633465425.0
q2465q,‚ÄúEl arreglo de la vereda es obligaci√≥n del vecino‚Äù: IM lanz√≥ app Veredas y estas son las tres formas de financiaci√≥n,19,1633463701.0
q230h7,√ëeripeso,5,1633460265.0
q22l36,"Hoy sali√≥ Windows 11, y mientras muchos equipos muy potentes quedaron atr√°s, a la Ceibalita le llego.",116,1633458773.0
q21w94,Uruguay vuelve a la ‚Äúlista gris‚Äù de para√≠sos fiscales de la Uni√≥n Europea,30,1633456789.0
q2132s,Festival de Cine Nuevo: Detour (y chivo personal),6,1633454361.0
q20b1o,Funcionarios no docentes de Secundaria responsabilizan a autoridades por peleas en liceos,5,1633452062.0
q1zf0w,Consulta sobre aseguradoras..,3,1633449514.0
q1z3yq,¬øDonde puedo ver Todos Detras de Momo?,3,1633448620.0
q1ygz6,"Resulta que fui a buscar una partida de nacimiento que ya pague hace dos semanas y solo se manejan con la agenda web, me dieron un papelito con la direcci√≥n para agendarme y wow, que sorpresa, a estos monos les pagamos el sueldo?",83,1633446845.0
q1x50d,Uruguay ofrecer√° refugio a diez afganos,11,1633442938.0
q1x4tr,"Ley Lala: un escudo contra ""genocidio cultural"" de casas antiguas en Uruguay",14,1633442922.0
q1x27i,Transporte.,130,1633442708.0
q1x1pm,La Polic√≠a de Uruguay busca adquirir un helic√≥ptero Robinson y compra fusiles IWI,9,1633442661.0
q1wkl7,Renovacion de cedula,3,1633441109.0
q1wc0p,Tramitar credencial,3,1633440291.0
q1vevd,Militante blanco en Paysand√∫ dijo que ‚Äúla LUC es nefasta‚Äù e insta a votar su derogaci√≥n,4,1633437112.0
q1hja1,Alguna vez se pelearon fuerte en el laburo/se quisieron aprovechar de ustedes en frente de sus compa√±eros de trabajo? C√≥mo termino?,29,1633388091.0
q1uj5x,Do you consider yourself more European or more Amerindian?,17,1633433674.0
q1pg8o,Martes de RANT.,5,1633417324.0
q1pc89,Chamuyos creativos,6,1633416796.0
q1nb1b,Me regalaron una taza,52,1633407854.0
q1ma5a,Reddit,0,1633403955.0
q1m976,"Planta de celulosa en Uruguay, ¬ødoble filo del desarrollo?",4,1633403861.0
q1lz1m,Entrevista a Nancy Fraser,0,1633402858.0
q1lir7,Critica a Tenfield y Andebu,15,1633401296.0
q1l2nv,"Y el premio ""me chupa un huevo la competencia"" es para ....",197,1633399757.0
q1kbfu,les afect√≥ mucho la ca√≠da de las redes?,31,1633397226.0
q1jtrt,C√≥digo de vestimenta Estudiantil UTU,5,1633395579.0
q1ikjo,Solicitud de partida de nacimiento,1,1633391436.0
q1gq0t,movistar usa internet explorer?,21,1633385665.0
q1ggrj,"Todos se quedaron quietitos, no se animaron a criticar nada ni a nadie",12,1633384926.0
q1g39j,"La mitad de Uruguay si vuelve el g√ºasap, el insta y el feibu.",53,1633383905.0
q1ftcn,Se cay√≥ Whatsapp! Atte: Internet Explorer,0,1633383148.0
q1ft1t,¬øDefensa y Justicia (ARG) es mas que Pe√±arol o Nacional?,0,1633383124.0
q1fkpj,"Mientras tanto, algunos se aprovechan de la situaci√≥n..",4,1633382508.0
q1f2cy,Fcea parciales,1,1633381173.0
q1evch,ya estoy al borde de comenzar a hablar con la persona que tengo enfrente,29,1633380670.0
q1ei2p,Comenz√≥ la producci√≥n en serie del Ford Transit en Nordex,14,1633379713.0
q1ebve,China suspendi√≥ al Frigor√≠fico Rosario y 300 trabajadores ir√°n al seguro de paro,5,1633379260.0
q1e2uq,Por fin! la profes√≠a se cumplio. Sin redes sociales el mundo ser√° un lugar mejor! (excepto para todas las personas que sigan en reddit...),32,1633378620.0
q1d5eh,Como poblar√≠an el interior?,13,1633376179.0
q1d13d,me pregunt√≥ que ser√° del grupo de WhatsApp del Biscuit....,19,1633375865.0
q1ck6m,VIVIR EN URUGUAY - URUGUAY EN EXPO DUBAI,12,1633374627.0
q1bqip,estaba enojada la bandera hoy,24,1633372446.0
q1b043,"Qu√© pasa Antel, antes eras ch√©vere",3,1633370472.0
q1a853,Perd√≥n Antel,15,1633368368.0
q19ve9,Las redes hoy...,183,1633367396.0
q19t7s,Reflexi√≥n,7,1633367233.0
q199xk,sutel advierte,45,1633365792.0
q1980w,Mark Sukerberg haciendo de las suyas,60,1633365649.0
q18w52,"Facebook, WhatsApp e Instagram est√°n ca√≠dos o es solo a mi que me pasa!",7,1633364713.0
q175p3,La joven uruguaya que se prepara en Estados Unidos para ser ingeniera aeroespacial,29,1633359710.0
q16ei1,"Ehrlich: el FA luchar√° ‚Äúcontra una pol√≠tica exterior err√°tica, sin rumbos, no soberana y sin planes pos pandemia‚Äù",5,1633357311.0
q165zp,"Visite Colonia en el fin de semana por un festival de arte e ilustracion, aproveche a sacar fotos, la idea era sacar fotos de colonia y lo que hay, pero sin sacar las foto clasicas que estan en todos lados, del faro, calle de los suspiros, etc, me enfoque en la flora y fauna (pajaritos)",54,1633356540.0
q163pa,[Thread del Departamento de la semana] Colonia,9,1633356329.0
q15g7w,"Uni√≥n de Exportadores sobre paro: fue ""un golpe a la producci√≥n y al empleo""",14,1633354146.0
q156di,Video promocional de Uruguay XXI para la Expo Dubai,7,1633353190.0
q14cxo,Retenci√≥n Aduana,0,1633350152.0
q14bzh,Coronavirus hoy en d√≠a,15,1633350051.0
q13ipd,deben haber sacado un limpia deudas,76,1633346809.0
q13b8w,Tincho el carpincho,68,1633345892.0
q0xwac,uruguayportatil. com ES SEGURO??,0,1633320111.0
q10cr6,Lunes de intercambios.,1,1633330924.0
q0zaz7,Pros y contras de ser camionero?,8,1633326026.0
q0xyiv,la que puse hoy,14,1633320364.0
q0xsbk,Curiosidad: tenemos una de las banderas mas viejas del mundo,33,1633319691.0
q0xlxw,¬øC√≥mo se llamaban est√°s galletitas?,1,1633318985.0
q0xigx,¬øAlguien mas tenia en su casa los videos de Didavision?,10,1633318598.0
q0x8l7,"Hackers aseguran que robaron informaci√≥n de Antel, pero la empresa estatal ‚Äúno tiene evidencia de ning√∫n evento nuevo de ciberataque‚Äù",2,1633317526.0
q0we0o,"2 usd por encima de los 200 de la franquicia, la aduana me cagara?",5,1633314370.0
q0w3wo,¬øAlguno vende crypto usando el P2P de Binance? ¬øCu√°nto demoran en vender tipo 1000 USD de crypto en Uruguay usando ese sistema? ¬øAlguna experiencia de gente cagandolos o algo as√≠?,0,1633313343.0
q0w3vy,"Made, Invest, Visit, Live, MADE IN URUGUAY",5,1633313341.0
q0w2af,Qu√© tal su d√≠a del patrimonio???,0,1633313186.0
q0v7gg,BCU alerta a la poblaci√≥n sobre posibles riesgos de utilizar criptomonedas,5,1633310013.0
q0upwi,Esto es una muestra de lo buena que va a estar la nueva Montevideo pero ustedes no est√°n listos para hablar del Chroma,45,1633308260.0
q0ujm3,Mfs in Constituyente y Jackson,79,1633307630.0
q0uf5s,Libros truchos,5,1633307188.0
q0u8a0,Ces√°reas en Uruguay,0,1633306485.0
q0twer,The Eagle,32,1633305367.0
q0tfpk,Pas√© por el Museo del Autom√≥vil en el dia del patrimonio y saqu√© unas fotos,62,1633303746.0
q0t9c2,Alguna idea de que politico puede ser?,56,1633303140.0
q0ssk9,Cambios en el reddit,4,1633301598.0
q0rifp,Lugares donde comprar switches mecanicos para teclados,3,1633297374.0
q0qh9f,C√≥mo puedo tener la clave del router HG531?,0,1633294229.0
q0pndx,"How do you do, fellow kids?",35,1633291709.0
q0pf1o,Lugar para practicar piano,7,1633291021.0
q0pa3g,Lugar para practicar piano,4,1633290599.0
q0oqhm,Mercado negro: as√≠ venden medicamentos en forma clandestina y a 100 pesos en las ferias,2,1633288985.0
q0ntgg,La ciudad de los chicos.,27,1633286283.0
q0n5vu,Alguien a comprado en pro erotic? Es segura la p√°gina?,7,1633284308.0
q0n42c,"Partido de Baseball al lado del Estadio Charrua, en el Parque Rivera.",46,1633284164.0
q0mzz9,La incidencia regulatoria en los precios,12,1633283841.0
q0mbub,Homenaje del ELBIO a su querido ex alumno Jos√© Enrique Rod√≥,2,1633281864.0
q0k3j1,Si traigo una motherboard de Amazon con WiFi integrado tengo que hacer el tramite de la URSEC?,0,1633275216.0
q0jhj4,Los planes para evitar la despoblaci√≥n en Montevideo: ¬øpor qu√© permitir√°n construir edificios m√°s altos?,14,1633273353.0
q0jg0q,"infobae pubilca sin paywall art√≠culo que es un copy & paste de un art√≠culo s√≥lo para suscriptores, de El Pa√≠s",107,1633273228.0
q0jdvl,Recomendaciones Punta del Este,6,1633273048.0
q0iosx,"Escritorio de trabajo para laptop, donde comprar?",1,1633270853.0
q0iljm,Golpe de pel√≠cula en Uruguay: una banda rob√≥ 17 lingotes de oro de la b√≥veda secreta de un multimillonario alem√°n,32,1633270562.0
q0hth4,"Opiniones, historias sobre la familia peirano?",7,1633267980.0
q0hkjn,"Antes y despu√©s: compr√≥ un palacio abandonado de 1924 y, contra todo pron√≥stico, logr√≥ restaurarlo",38,1633267078.0
q0com9,Domingo random.,1,1633244525.0
q0axhb,Alguien vio esto?. El punto P yorugua jajaja,11,1633236436.0
q08lig,Entrevista con Operadores de Mercado Libre,1,1633227090.0
q07xgj,Resumen de seguros de salud privados en Montevideo,47,1633224637.0
q078iy,Alguien para jugar?,12,1633221984.0
q06djd,"AYUDA, ES DE VIDA O MUERTE",0,1633218888.0
q05rci,Resultados (Google Form)-¬øDefender√≠as a tu pa√≠s latinoamericano de una invasi√≥n; lo ayudar√≠as en un ataque hacia otro pa√≠s?,9,1633216748.0
q04uqj,Timelapse de un atardecer espectacular en punta gorda desde un drone,6,1633213526.0
q04oop,Viaje internacional con mascota.,0,1633212936.0
q02ijn,Luis Su√°rez anot√≥ un gol contra el Barcelona y con gestos pide perd√≥n,38,1633205647.0
q0280u,Hay algo m√°s all√° de Montevideo?,0,1633204693.0
q023vj,No deber√≠an ser ilegales esos fulminantes plateados en las tortas de cumplea√±os? Back to the 90's,120,1633204298.0
q01w6p,D√≥nde estudiar ingenier√≠a en sistemas,0,1633203557.0
q01pvh,Ayuda: Cambio libreta/titular de auto,4,1633202969.0
q019k3,resfrio,5,1633201493.0
q00qaq,Encuesta sobre el impacto ambiental en Uruguay,1,1633199728.0
q00iqi,Recomendaci√≥n para cambio de auto,5,1633199034.0
pzzqx3,Contactar MercadoLibre Uruguay?,5,1633196491.0
pzxu4k,"[F√∫tbol] Cl√°sico femenino entre Nacional y Pe√±arol, el domingo en el Estadio Charr√∫a",5,1633190259.0
pzxt2q,[Rugby] Los Teros visitan a Estados Unidos por las eliminatorias a la Copa Mundial 2023,1,1633190157.0
pzxir4,Postal que un franc√©s envi√≥ desde Montevideo a Par√≠s en 1915. Av. Brasil y la Rambla.,98,1633189203.0
pzx7u5,Los seis custodios de V√°zquez que ahora trabajan para Cosse,7,1633188235.0
pzwiqe,"Como es la educacion en Uruguay en su opinion? Tambien, que hacen los estudiantes uruguayos despues de secundaria?",34,1633185993.0
pzw796,Encontraron en la playa un albatros muerto de 45 a√±os,9,1633184932.0
pztjq0,A la moncayo le ponen rola?,6,1633174698.0
pzsf3u,Cu√°l es la tendencia pol√≠tica de Reddit?,4,1633169182.0
pzq9tb,S√°bado de recomendaciones.,3,1633158124.0
pzopwn,¬øAlguien conoce un buen abogado que me pueda asesorar para realizar una denuncia?,14,1633150648.0
pznffg,El uruguayo es esc√©ptico paranormalmente hablando?,2,1633145036.0
pzn2ek,"Del lado brasile√±o del Chuy los pesos uruguayos rinden hasta el triple , comparado con lo que se puede comprar por ac√°",51,1633143568.0
pzmmj8,Atardecer de hoy desde Punta Colorada,48,1633141802.0
pzlpw0,Tecn√≥logo en Inform√°tica,0,1633138295.0
pzlofs,Qu√© anecdotas tenes de haber trabajado en un lugar que ofrecen comida?,39,1633138143.0
pzlmop,Puglia argumenta que todo lo que dijo en defensa del exministro Germ√°n Cardoso fue sin cobrar un peso,15,1633137946.0
pzlcn4,Adriana Pe√±a dijo que contrat√≥ al hermano de Mario Garc√≠a antes de dejar la intendencia a pedido del intendente,0,1633136874.0
pzlaw0,Heber defendi√≥ la baja del delito en pandemia ‚Äúsin importar por qu√© raz√≥n‚Äù,0,1633136701.0
pzkyj6,Vamos Shinji s√∫bete al Ultrat√≥n!!,122,1633135413.0
pzkblh,Publicidad Vinos Roses,21,1633133065.0
pzk9xs,Sube el √±erypeso?,31,1633132899.0
pzjxb2,Me puedo traer Ropa de otro pa√≠s en la valija como si nada? O el scanner del orto de la aduana me lo agarra?,2,1633131657.0
pziv0u,"Cerveza Patricia: publicidad orgullosa. Izar la bandera LGBTIQ+ ""garpa""",39,1633127970.0
pzi255,"Administrar tu propia unipersonal, es muy complicado?",4,1633125306.0
pzhdib,"buenas como andan, nos ayudar√≠an?",3,1633123075.0
pzh2d8,¬øPor qu√© Uruguay no produce su propia yerba?,8,1633122119.0
pzggpa,Dirigentes de Cabildo ratifican que Salinas ‚Äúno est√° afiliado‚Äù al partido y ‚Äúnunca aport√≥ parte de su sueldo de ministro‚Äù,13,1633120248.0
pzfe50,¬øHoteles con buena piscina?,5,1633116900.0
pze9z6,"Compa√±√≠as mantienen precios, pero reducen el contenido de los envases",10,1633113609.0
pzd5ux,China inhabilit√≥ frigor√≠fico coloniense y sus 250 trabajadores van a seguro de paro,7,1633110322.0
pzcs4g,¬øestar√° abierta Antel Tower durante el d√≠a patrimonial?,3,1633109178.0
pzbla1,Disculpas p√∫blicas.,10,1633105721.0
pzbfzl,publicidad encubierta (product placement) que hace Sergio Puglia durante sus participaciones en el programa Pol√©mica en el Bar,47,1633105280.0
pzasqt,EN SAN JOS√â DE MAYO Sereno dispar√≥ ocho veces a un delincuente y fue imputado,34,1633103409.0
pzag5t,La odisea de los perros de la vecina.,13,1633102358.0
pz9z6c,Cardoso realiz√≥ compra directa por publicidad a Sergio Puglia por US$ 29.280 pese a advertencia por ¬´presupuesto elevado¬ª de agencia de publicidad,25,1633100921.0
pz9qr8,Duda tarjeta mi dinero,0,1633100268.0
pz984m,Deposito en d√≥lares a tarjeta de cr√©dito BROU,3,1633098637.0
pz91ly,But they can't invade us and Wales at the same time....,10,1633098075.0
pz8vai,"AYUDA GURISES: ENCUESTA Criptomonedas, no lleva mucho tiempo, y como nescesito como 200 respuestas, me ayudar√≠a un mont√≥n. Grax",1,1633097539.0
pz8iyx,Renta promovida.,0,1633096529.0
pz8cp0,Paganini sobre ajuste de combustible: ‚ÄúHubo una situaci√≥n extraordinaria que no previmos‚Äù,9,1633095978.0
pywzl8,Internet Dedicado?,3,1633049517.0
pz7li4,Nos invaden los aztecas,5,1633093543.0
pz6fw0,Los dos mejores gamers uruguayos probaron el FIFA 22 y contaron sus sensaciones,0,1633089424.0
pz657u,Casapueblo y Punta Ballena al atardecer desde un drone,8,1633088213.0
pz5vvq,Saldo Boomerang Antel,7,1633087142.0
pz2n4f,Viernes del sorete.,9,1633071725.0
pz2keu,UTE - Concurso irregular.,0,1633071403.0
pz1djl,Internet p√©simo cada madrugada?,7,1633065952.0
pz1cwt,Que opinan del casamiento?,9,1633065877.0
pz15zr,Ten√≠a toda la pinta,88,1633065071.0
pyzpjk,"Presidente de Inumet, Luis Alberto Loureiro, renunci√≥ al cargo por ‚Äúproblemas personales‚Äù",1,1633059360.0
pyyvn1,"C√≥mo se ven los hinchas de Nacional ""descansando"" a Pe√±arol por su eliminaci√≥n",23,1633056265.0
pyxped,Necesito una notebook para programar en Java. Qu√© me recomiendan? Procesador ? RAM? Estoy mirando esta : LENOVO Ideapad S540-13IML . Qu√© opinan?,1,1633052013.0
pywjcl,Si quisieras seguir la actividad de un pol√≠tico de Uruguay,0,1633047936.0
pyvqo8,Hemos sido hackeados,29,1633045188.0
pyvipu,En lo que va del a√±o registraron 102 casos de violencia sexual en menores,4,1633044441.0
pyvb6e,Montevideo desde un drone,12,1633043712.0
pyuvcq,"Limpiar√°n en kayaks el Arroyo Carrasco: hay heladeras, neum√°ticos y televisores",15,1633042217.0
pyuud1,"Juicio de El Gucci a Mart√≠nez, Di Candia y Goyeneche: no hay conciliaci√≥n y esperan sentencia",4,1633042124.0
pyuu9y,Basta de decirnos que tenemos que aceptarnos,1,1633042117.0
pyue3h,Docking station para laptop,2,1633040627.0
pyu5mz,¬øA qui√©n se le corta la interness?,8,1633039865.0
pytxmq,Remedio para d√≠as lluviosos.,104,1633039181.0
pyteqs,Hoy cumplo 18 :),39,1633037520.0
pyte5g,Trabajar en WTC Montevideo e ir en bici,6,1633037469.0
pysrm3,Cel√≠acos del Uruguay,8,1633035561.0
pysfss,Como bloquear los mensajes de Claro?,4,1633034547.0
pys2v2,La mermelada de Schrodinger,194,1633033440.0
pyrptb,"Hola!! Soy una joven chilena buscando ayuda en temas culturales para una investigaci√≥n, m√°s informaci√≥n abajo. (ayudenme por favor y gracias!! )",12,1633032345.0
pyrdth,Argentina y Uruguay reabren sus puertas al turismo,4,1633031338.0
pyr417,[Automovilismo] El TCR Sudamericano corre este fin de semana en El Pinar,7,1633030479.0
pyr1lx,Mercosur‚Äôs Changing Trade Patterns,2,1633030265.0
pyqswd,"""En a√±os anteriores se utiliz√≥ el H√©rcules para trasladar cabezudos"": el tweet que envi√≥ Garc√≠a desde la interpelaci√≥n",5,1633029512.0
pyoisv,"Alguien m√°s cree que detr√°s de todos los discursos de ""estabilidad pol√≠tica"" y ""democracia"" hay una preocupante situaci√≥n de corrupci√≥n entre los partidos grandes?",24,1633022700.0
pyo6c7,Como ir a bs as,3,1633021690.0
pymz2l,"Consulta; Cual seria el balneario preferentemente en Maldonado, con la mejor relacion precio-ubicacion ( best value ) para comprar y construirme una casita ( cerca del Mar ) ? Podria tambien ser otro Departamento. Gracias",6,1633018146.0
pymx2n,"En vivo: ""El Partido Comunista no cree en las Fuerzas Armadas"", dijo Javier Garc√≠a",1,1633017983.0
pymgll,[UruguayFootEng] FIFA officially approve Uruguay as 4x senior World champions,43,1633016671.0
pym29c,11 millones.,51,1633015477.0
pylcuw,C√°mara para auto,5,1633013412.0
pya21n,Vino de frutilla,1,1632967513.0
pyl0f4,"Reafirma Vietnam importancia concedida a lazos con Uruguay, Finlandia y Austria",3,1633012361.0
pykrbc,Dirigente sindical dijo que en Uruguay ‚Äúlos ni√±os com√≠an pasto y puede volver a repetirse‚Äù,11,1633011594.0
pyjq23,Vigil: ‚ÄúLa comunidad LGBT y el feminismo hablan de patriarcado. ¬°Hoy hay matriarcado!‚Äù,6,1633008327.0
pyj6w0,*inserte t√≠tulo gracioso*,187,1633006524.0
pyioyl,Tener hinchada en tribunas ayuda o afecta psicol√≥gicamente al equipo?,9,1633004710.0
pyil5s,El 36% de los funcionarios estatales cree que trabaja en exceso,29,1633004317.0
pyiklc,"""Interpelitis cr√≥nica"", ""no se metan con la gente"" y ""ofensiva de primavera"": las cr√≠ticas del oficialismo",11,1633004257.0
pyi0ki,Encuesta,2,1633002060.0
pygzw4,¬øQu√© sent√≠s al pasar cerca de El viejo pancho?,4,1632997696.0
pyg56s,Velocidad de Internet en el mundo. Uruguay puesto 69,40,1632993670.0
pyehqe,Jueves de an√©cdotas.,3,1632985326.0
pydk2q,"Che guriCs que cursan la uni, ¬øC√≥mo creen ustedes que encaran las clases online?",5,1632981082.0
pyb9a8,Cavani sprint to keep the ball in play,47,1632971814.0
py9z10,A alguien m√°s le parece una estupidez que las elecciones de la UDELAR sean obligatorias?,40,1632967220.0
py92pu,"S. Korea, Uruguay to speed up negotiations for trade pact with Mercosur | Yonhap News Agency",29,1632964028.0
py8v4a,Elecciones universitarias,108,1632963287.0
py8t61,Artigas en una foto,22,1632963094.0
py8l1i,Aurora Cannabis Launches its First Medical CBD Product in Uruguay,7,1632962283.0
py8i8f,A Grace le encantan los programas de chimentos argentinos (fakehistoryporn),55,1632962009.0
py87ol,"Lacalle Pou se√±ala que acuerdo con Katoen Natie se hizo bajo su ""supervisi√≥n y responsabilidad""",11,1632960979.0
py86l3,La cartita que el Sunca le pas√≥ a UPM para renovar convenio laboral: 400% de aumento en premio,18,1632960875.0
py80n1,Sunca paraliz√≥ obras en UPM y empresas tercerizadas eval√∫an impulsar acci√≥n de amparo,20,1632960313.0
py7rkl,¬øPensi√≥n o monoambiente?,5,1632959459.0
py6ork,¬øLas criptomonedas son el futuro? ¬øLa idea de El Salvador es el camino a seguir en Uruguay?,0,1632955715.0
py5cua,Oh dios,24,1632951538.0
py4mm4,Fraude crediticio por Itau,7,1632949338.0
py31r5,Respondan mi encuesta pls,2,1632944648.0
py1uai,Universo Binario... 96 % de stonks,50,1632941081.0
py18gn,OMG,92,1632939249.0
py17qf,Propietarios de edificio de lujo dise√±ado por arquitecto uruguayo en Nueva York iniciaron demanda millonaria,13,1632939186.0
py05g9,Cuota Universidad Cat√≥lica,1,1632936074.0
pxy9zz,Is there a demand for English Teachers of all levels in Uruguay.,4,1632930779.0
pxxsuj,El primer d√≠a de paro provoc√≥ cancelaci√≥n de navieras en el puerto de Montevideo,10,1632929395.0
pxxjrj,"Lacalle Pou recoge 61% de aprobaci√≥n y 35% de desaprobaci√≥n, seg√∫n encuesta de Factum",12,1632928686.0
pxxayh,"Metro de Montevideo, una de las series ""m√°s originales"" de Iberoam√©rica en 2021",9,1632927986.0
pxx2s7,Lust: el fiscal D√≠az 'le lav√≥' US$ 11 millones a Balcedo y es responsable de 'casi el 50% de lo que le imputan' a Heber,16,1632927354.0
pxx2ho,Aborto en Uruguay üá∫üáæ - acceso desde el extranjero,19,1632927329.0
pxvs92,Apertura de fronteras,5,1632923388.0
pxu6dq,Estoy a 15 dias de irme a vivir a Uruguay con mi jermu Uruguaya y no quiero que me saquen la ficha de que soy porte√±o. AYUDA,173,1632917962.0
pxrves,¬øParo de estudiantes?,19,1632908119.0
pxpzms,Mi√©rcoles de √±oquis.,7,1632898925.0
pxnvi0,scanear QR covid,1,1632889803.0
pxnhk4,"Gurices (varones), como les va con las minas?? üò©üò≥",18,1632888311.0
pxlp8j,Vecinos y comerciantes de Barrio Sur reclaman por autos estacionados en las inmediaciones de Interpol,5,1632881989.0
pxljy8,¬øQui√©n es la persona m√°s rica de este sub?,9,1632881475.0
pxkvlj,"No es por nada, pero qued√≥ bueno este Thor",145,1632879156.0
pxktmr,En qu√© plaza de Montevideosimia puedo encontrar pi√±as de pino?,10,1632878964.0
pxkmrk,Duraznito,34,1632878286.0
pxkju2,¬øHay soluci√≥n para la baja tasa de natalidad en Uruguay?,6,1632878007.0
pxk1pe,Estos banners en Internet....,26,1632876319.0
pxjy4t,¬øSe deber√≠a hacer lo mismo en Uruguay?,50,1632875979.0
pxj64k,Ministro Heber dijo que no puede asegurar por d√≥nde se fug√≥ Hugo Pereira,7,1632873297.0
pxj5ym,"El FA pide la renuncia de Heber: ""no sabe"" y est√° ""improvisando"", dijo Luc√≠a Etcheverry",3,1632873280.0
pxicha,Aprobaci√≥n de Lacalle Pou en setimbre seg√∫n Factum a parir de 900 encuestados,27,1632870481.0
pxhsda,Buscador de listas para las Elecciones Universitarias,8,1632868690.0
pxh7yw,Nuevo protocolo para fiestas: hasta 800 personas en eventos para vacunados,11,1632866953.0
pxgqgt,Condenaron con prisi√≥n a alcalde de Florencio S√°nchez por delitos contra la administraci√≥n,16,1632865493.0
pxg3y2,Ocho cancheros ponen a punto el campo de juego del Estadio Centenario,4,1632863658.0
pxfz0x,FPE/ Elecciones universitarias?,9,1632863275.0
pxfr9u,Que servicio de m√∫sica usan?,17,1632862706.0
pxf14g,Vos extra√±√°ndome y PedidosYa me pide que le toque el punto P ...,3,1632860873.0
pxemvu,Poder Ejecutivo se mantiene firme: los fondos del fideicomiso para asentamientos deben ser los del INC | la diaria,2,1632859652.0
pxeann,Cabecilla de banda narco viv√≠a en La Tahona y llevaba vida de lujo,26,1632858620.0
pxea92,Cuanto cuesta en promedio construir una casa? (Sin contar el terreno),2,1632858583.0
pxe04l,Vivo en una burbuja?,19,1632857753.0
pxci5n,"Ayuda tv para xbox serie x, ofertas y piques de paneles",0,1632853457.0
pxc9dg,"La IMM censurando, se viene dictdura de Cosse?",0,1632852750.0
pxbmx3,ANCAP ¬øUn pilar de la soberan√≠a y seguridad nacional o una oportunidad para algunos amigos?,0,1632850953.0
pxar8y,"Buenas gente, estamos haciendo un proyecto para el liceo acerca de la energ√≠a nuclear y solo llevamos 10 respuestas en la encuesta que precisamos realizar (hay que llegar a 200 al menos), me har√≠an tremendo favor respondiendo, no les lleva m√°s de 5 minutos, gracias gurises",34,1632848402.0
pxahrm,Fr√≠o capitalino,6,1632847658.0
px9zzk,Gobierno exonerar√° impuestos y bajar√° tarifas a micro y peque√±as empresas de frontera,9,1632846232.0
px9rm7,Traerme un PC desde USA,2,1632845582.0
px8i32,Hay forma de cancelar un contrato movil?,3,1632841950.0
px8wsm,Es hora.,255,1632843132.0
px8d9p,"QUE HARIAS en esta situaci√≥n desempleado ? Rol, consejos, experiencias, etc",4,1632841560.0
px87rr,Atenci√≥n psicol√≥gica C√≠rculo Cat√≥lico,3,1632841126.0
px7udu,7 things that I love about daily life in Uruguay,15,1632840032.0
px7pw2,¬øCu√°nto valdr√≠a esto hoy?,1,1632839669.0
px7jac,Comenz√≥ juicio oral por el travesticidio de Fanny Aguiar,0,1632839123.0
